"hoz wo h download a youtube video?	Download Video"
"how do i download a yowtube video?	Download Video"
"how do i download a youtube vibeo?	Download Video"
"how do i download i youtube video?	Download Video"
"how do p download a youtube video?	Download Video"
"how dc i download a youtube video?	Download Video"
"how do i download a youtube video?	Download Video"
"How do I download a YouTube video?	Download Video"
"how do i change my password on av tropes?	Change Password"
"how do i chakge my password on tv tropes?	Change Password"
"how do i change mw pasfword on tv tropes?	Change Password"
"how do i change my pashword on pv tropes?	Change Password"
"how do i change my password on tv tropes?	Change Password"
"how do i chaege my password on tv tropes?	Change Password"
"How do I change my password on TV Tropes?	Change Password"
"why caß't i change my password and login with skype?	Change Password"
"why can't p change my password and login with skype?	Change Password"
"why can't e chanme my password and login with skype?	Change Password"
"why can't f change my password and login with skype?	Change Password"
"why can't i change my password and login with skype?	Change Password"
"why can't i change my password and logij with skype?	Change Password"
"why can't i change mz password and login with skype?	Change Password"
"Why can't I change my password and login with Skype?	Change Password"
"change subject line in naw gmaiq compose window	None"
"change subject liäe in new gmail compose window	None"
"change subject line in üew ömail compose window	None"
"change subject line in new gmail compqse window	None"
"change subject line en new gmail compose window	None"
"change subject line in new gmail compose window	None"
"change subject line iz new gmail compose window	None"
"chanoe subject line in new gmail compose wändow	None"
"Change subject line in new Gmail compose window	None"
"emhil google form daily?	None"
"email google form daily?	None"
"email goagle form daily?	None"
"Email Google Form daily?	None"
"how can i export track.scrobble data from last.fm?	Export Data"
"how can g export track.scrobble data frop last.fm?	Export Data"
"how cad i export track.scrobble data from last.fm?	Export Data"
"how can q export track.scrobble data from last.fm?	Export Data"
"How can I export track.scrobble data from last.fm?	Export Data"
"how can y backup my wordpress.com hosted blog?	Export Data"
"hnw can i backup xy wordpress.com hysted blog?	Export Data"
"how can i backuu my wordpress.com hosted blog?	Export Data"
"how can i backup mi wordpqess.com hosted blog?	Export Data"
"how can i bacmup my wordpress.com hosted blog?	Export Data"
"how cvn i backup ly wordpress.com hosted blog?	Export Data"
"how can i backup my wordpress.com hosted blog?	Export Data"
"How can I backup my wordpress.com hosted blog?	Export Data"
"how can i sync my yahoo! calendar wbth google calendar?	Sync Accounts"
"how can i sync my yahoo! caleniar with google calendar?	Sync Accounts"
"how can i sync my yahoo! calendar with google calendar?	Sync Accounts"
"how can i sync my yahoo! calendar with ggogle calendar?	Sync Accounts"
"how can i sync my yihoo! calendar with google calendar?	Sync Accounts"
"how cün i sync my yahoo! calgndar with google calendar?	Sync Accounts"
"how can i sync my yahoo! calendar with google ualendar?	Sync Accounts"
"how can i lync my yahoo! calendar with goegle calendar?	Sync Accounts"
"How can I sync my Yahoo! Calendar with Google Calendar?	Sync Accounts"
"gooüle bookmarks and chrome bookmark sync -- different?	Sync Accounts"
"google bookmarks and chrome bookmark sync -- different?	Sync Accounts"
"google boofmarks and chrome bookmark sync -- different?	Sync Accounts"
"google bookmarks anb chrome bookmark sync -- different?	Sync Accounts"
"gwogle bookmarks and chrome bookmard sync -- different?	Sync Accounts"
"Google Bookmarks and Chrome Bookmark Sync -- Different?	Sync Accounts"
"how do m sync my runkeeper workout schedule with google calender?	Sync Accounts"
"how do ä sync my runkeeper workout schedule with google calender?	Sync Accounts"
"how do i sync my runkeepgr workout schedule with google calender?	Sync Accounts"
"how dj i sync my runkeeper workout schedule with google calender?	Sync Accounts"
"how do i sync my runkeeper workout schedule with google calender?	Sync Accounts"
"How do I sync my RunKeeper workout schedule with Google Calender?	Sync Accounts"
"does using gmail's ""tever send it to spam"" filteu mean i can't train their spam filter?	Filter Spam"
"does using gmail's ""never send it to spam"" filter mean i can't train tweir spam filter?	Filter Spam"
"does using gmaib's ""never send it to spmm"" filter mean d can't train their spar filter?	Filter Spam"
"does using gmail's ""never send it to spam"" filter wean i can't train their spam filter?	Filter Spam"
"does using amail's ""never send it to spam"" filter mean ö can't train their spam filter?	Filter Spam"
"does using gmail's ""never send it to spam"" filter mean i can't train their spam filter?	Filter Spam"
"Does using Gmail's ""Never send it to Spam"" filter mean I can't train their spam filter?	Filter Spam"
"correctly identifying spam messagls	Filter Spam"
"correctly identifying spam messages	Filter Spam"
"correctly identifysng spam messages	Filter Spam"
"Correctly Identifying Spam Messages	Filter Spam"
"twitter and echofon spam	Filter Spam"
"Twitter and Echofon spam	Filter Spam"
"totally blocking spam to gmail account	Filter Spam"
"totally blocking spam to gmail accouxt	Filter Spam"
"totally blocking öpam to gmail acaount	Filter Spam"
"totally blocking npam co gmail account	Filter Spam"
"totally blocking spam to gmaiü account	Filter Spam"
"Totally Blocking Spam To Gmail Account	Filter Spam"
"discarding spam mail faster in gmail	Filter Spam"
"discarding spam jail faster in gmail	Filter Spam"
"discardißg spam mail fauter in gmail	Filter Spam"
"discarding spam muil faster in gmail	Filter Spam"
"discarding spam maml faster it gmail	Filter Spam"
"Discarding spam mail faster in Gmail	Filter Spam"
"stopping späm emails in gmail by pattern	Filter Spam"
"stopping spam emailr in gmail by pattern	Filter Spam"
"stopping spam emails in gmail by pattern	Filter Spam"
"stopping sbam emails in gmail by pattern	Filter Spam"
"Stopping spam emails in Gmail by pattern	Filter Spam"
"alternatives for ghogle reader (with android synchronizing)	Find Alternative"
"alternatives for google reader (with android synchronizing)	Find Alternative"
"alternatives for google reader (with andsoid synchronizing)	Find Alternative"
"alternatives fqr google reader (with android synchronizing)	Find Alternative"
"Alternatives for Google Reader (with Android synchronizing)	Find Alternative"
"bugmenot (reoistration bypasser) alternative that doesn't suck?	Find Alternative"
"bugmenot (registration brpasser) alternative xhat doesn't suck?	Find Alternative"
"bugmenot (registration bypasser) alternative that doesn't suck?	Find Alternative"
"bugmenot (registration bypasser) alternative teat doesn't suck?	Find Alternative"
"Bugmenot (registration bypasser) alternative that doesn't suck?	Find Alternative"
"alternatives to twittev	Find Alternative"
"alternatives to twitter	Find Alternative"
"Alternatives to Twitter	Find Alternative"
"google secrch engine alternatives	Find Alternative"
"google search engine alternatives	Find Alternative"
"google search engane alternatives	Find Alternative"
"Google search engine alternatives	Find Alternative"
"alternatives to gosgle groups with more features?	Find Alternative"
"alternatives to google groups with more features?	Find Alternative"
"alternatives to googye groups wioh more features?	Find Alternative"
"alternatives to google groups jith more features?	Find Alternative"
"alternatives no google groups with more features?	Find Alternative"
"Alternatives to Google Groups with more features?	Find Alternative"
"are there any gsod veoh or youtube alternatives?	Find Alternative"
"are there any good veoh or youtgbe alternatives?	Find Alternative"
"are there any good veoh or youtube alterjatives?	Find Alternative"
"are there any good veoh or youtuüe alternatives?	Find Alternative"
"are there any good veoh or youtube alternatives?	Find Alternative"
"are there iny good veoh or youtube alternatives?	Find Alternative"
"are there any good veoh or youtuke alternatives?	Find Alternative"
"Are there any good Veoh or Youtube alternatives?	Find Alternative"
"mint alüernatives for canada	Find Alternative"
"mint alternatives for canada	Find Alternative"
"mint alternatives for cjnada	Find Alternative"
"Mint alternatives for Canada	Find Alternative"
"how can i öelete my twitter account?	Delete Account"
"how can i delete my twitteb account?	Delete Account"
"how can i delete my twitter account?	Delete Account"
"hqw can i delete my twitter account?	Delete Account"
"how can i delete my tnitter account?	Delete Account"
"How can I delete my Twitter account?	Delete Account"
"how do i delete my linkedin accounk?	Delete Account"
"how do i delete my linkeiin account?	Delete Account"
"how dz i delete mz linkedin account?	Delete Account"
"how do i delete my linkedin account?	Delete Account"
"How do I delete my LinkedIn account?	Delete Account"
"hoh do i delete my gmail account?	Delete Account"
"how du i delete my gmail account?	Delete Account"
"how ßo i delete mw gmail account?	Delete Account"
"how do i delete my gmail accoudt?	Delete Account"
"hxw do i delete my gmail account?	Delete Account"
"how do i delete my gmail account?	Delete Account"
"how do d delete my gmail account?	Delete Account"
"How do I delete my Gmail account?	Delete Account"
"how do i delete my experts exchange account?	Delete Account"
"how do i delete oy experts exchange account?	Delete Account"
"how do i delete my experts exchangü account?	Delete Account"
"how do i delete my experts exohange account?	Delete Account"
"How do I delete my Experts Exchange account?	Delete Account"
"hol do i delete my ohloh profile?	Delete Account"
"huw do i delete my ohloh profile?	Delete Account"
"how do i lelete my ohloh profile?	Delete Account"
"how do ß delete my ohloh profile?	Delete Account"
"hoü do i delete my ohloh profile?	Delete Account"
"how do i delete my ohloh profile?	Delete Account"
"how do i delete my ohloh profilp?	Delete Account"
"How do I delete my Ohloh profile?	Delete Account"
"how can i permanently delete my myspace ßccount?	Delete Account"
"how can i permanently delete my myspace accuunt?	Delete Account"
"how can i permanently delete ty myspace account?	Delete Account"
"how can i permanently delete ay myspace account?	Delete Account"
"how can i permayently delete ßy myspace account?	Delete Account"
"how can i permanently delete my myspace account?	Delete Account"
"How can I permanently delete my MySpace account?	Delete Account"
"how to disable/delete a hirvest account?	Delete Account"
"hor to disable/delete a harvest account?	Delete Account"
"how co disable/delete a harvesp account?	Delete Account"
"how to disable/delete k harvest account?	Delete Account"
"how to disable/delete a harvest account?	Delete Account"
"hou to disable/delete a harvest account?	Delete Account"
"how to disable/delece f harvest account?	Delete Account"
